{"cameraMode":{"drawMode":0,"name":"Shaded","section":"Shading Mode"},"sceneLighting":true,"audioPlay":false,"sceneViewState":{"m_AlwaysRefresh":false,"showFog":true,"showSkybox":true,"showFlares":true,"showImageEffects":true,"showParticleSystems":true,"showVisualEffectGraphs":true,"m_FxEnabled":true},"in2DMode":false,"pivot":{"x":0.2536314129829407,"y":2.4391958713531496,"z":1.0775648355484009},"rotation":{"x":0.12015461176633835,"y":0.6989575624465942,"z":-0.12090321630239487,"w":0.6943742036819458},"size":1.8407294750213624,"orthographic":false}